{
    "Version": "2012-10-17",
    "Statement": [
        {
            "Sid": "Stmt1422032676021",
            "Effect": "Allow",
            "Action": [
                "dynamodb:BatchGetItem",
                "dynamodb:BatchWriteItem",
                "dynamodb:DeleteItem",
                "dynamodb:DescribeStream",
                "dynamodb:DescribeTable",
                "dynamodb:GetItem",
                "dynamodb:GetRecords",
                "dynamodb:GetShardIterator",
                "dynamodb:ListStreams",
                "dynamodb:ListTables",
                "dynamodb:PutItem",
                "dynamodb:Query",
                "dynamodb:Scan",
                "dynamodb:UpdateItem",
                "dynamodb:UpdateTable"
            ],
            "Resource": [
                "arn:aws:dynamodb:eu-west-1:000000000000:table/user-visits",
				"arn:aws:dynamodb:eu-west-1:000000000000:table/user-visits-sam"  				
            ]
        },
        {
            "Effect": "Allow",
            "Action": "dynamodb:ListTables",
            "Resource": "*",
            "Condition": {}
        }
    ]
}